<?xml version="1.0"?>
<pagescount>
	<html_total>20</html_total>
	<html_done>20</html_done>
	<images>111</images>
	<script>9</script>
	<css>4</css>
	<pdf>4</pdf>
	<documents>2</documents>
	<excel/>
	<powerpoint/>
	<flash/>
	<audios/>
	<videos/>
	<xml/>
	<json/>
	<txt/>
	<autocad/>
	<model_3d/>
	<fonts>5</fonts>
	<scraping_reload>1</scraping_reload>
	<is_pretty_url>false</is_pretty_url>
	<has_trailing_slash>false</has_trailing_slash>
	<is_ebn>false</is_ebn>
	<email>gmraudales@gmail.com</email>
	<theme_name>WmdTheme879495</theme_name>
	<server_url_front_page>https://www6.waybackmachinedownloader.com/wdo/files/demo/ibccportfolio.weebly.com_gmraudales_gmail.com_exaysit4to/</server_url_front_page>
	<no_www_url>ibccportfolio.weebly.com</no_www_url>
	<hosted_domain/>
	<original_archive_url>https://ibccportfolio.weebly.com/</original_archive_url>
	<final_archive_url>https://ibccportfolio.weebly.com/</final_archive_url>
	<front_page_code_date/>
	<total_urls_from_api/>
	<max_reached_live>false</max_reached_live>
	<scrape_other_captures>false</scrape_other_captures>
	<total_size>8580</total_size>
</pagescount>
